,train_losses,test_losses
0,0.3663832167778252,0.13236473066761745
1,0.16478083791350115,0.07342602718299383
2,0.09591334939544684,0.07034384433659623
3,0.054705414302745815,0.07285004354761651
4,0.03280782831228239,0.06339622718041228
5,0.022817046513178816,0.07244425457711934
6,0.02164247118291763,0.08285042546818813
7,0.014665601889256846,0.10393061276320976
8,0.015109991963307187,0.0897742968412607
9,0.011395337610494893,0.12339387937514144
