,train_losses,test_losses
0,0.3970571349404215,0.05908093497449367
1,0.1906208446791442,0.05725992658353606
2,0.1390656574345585,0.05796985707170117
3,0.09258203464316334,0.06276830155949471
4,0.05490068975301614,0.05330825292995564
5,0.03550122628529004,0.06006971644694787
6,0.02853905853197221,0.09045190579728636
7,0.020646872311068477,0.11187280656210963
8,0.01598513124108464,0.09618959049155798
9,0.01750004086948662,0.0818405049520398
