,train_losses,test_losses
0,0.434290893172356,0.08490693244549816
1,0.20783666446330637,0.07779688495376758
2,0.14973690705042975,0.08137753378874554
3,0.10513295648012423,0.07120601144739502
4,0.06249893116580143,0.0815925885410396
5,0.03441803015304779,0.07189327385372193
6,0.021420634033447343,0.07378572030392705
7,0.017656306098995208,0.08376134845350128
8,0.01488553939928298,0.07602904879075469
